Campaign,Sitelink Text,Final URL,Description Line 1,Description Line 2
Search | UAE-Dubai,View Our Work,https://caagency.com/work,See recent creator campaigns,Explore brand case studies
Search | UAE-Dubai,Our Services,https://caagency.com/services,Discover campaign services,See how we execute campaigns
Search | UAE-Dubai,Contact Us,https://caagency.com/contact,Request a quote today,Speak with our team
Search | UAE-Dubai,Meet Our Talents,https://caagency.com/talents,Browse creator profiles,Find the right talent fit
Search | USA,View Our Work,https://caagency.com/work,See recent creator campaigns,Explore brand case studies
Search | USA,Our Services,https://caagency.com/services,Discover campaign services,See how we execute campaigns
Search | USA,Contact Us,https://caagency.com/contact,Request a quote today,Speak with our team
Search | USA,Meet Our Talents,https://caagency.com/talents,Browse creator profiles,Find the right talent fit
Search | Asia,View Our Work,https://caagency.com/work,See recent creator campaigns,Explore brand case studies
Search | Asia,Our Services,https://caagency.com/services,Discover campaign services,See how we execute campaigns
Search | Asia,Contact Us,https://caagency.com/contact,Request a quote today,Speak with our team
Search | Asia,Meet Our Talents,https://caagency.com/talents,Browse creator profiles,Find the right talent fit
Search | GCC,View Our Work,https://caagency.com/work,See recent creator campaigns,Explore brand case studies
Search | GCC,Our Services,https://caagency.com/services,Discover campaign services,See how we execute campaigns
Search | GCC,Contact Us,https://caagency.com/contact,Request a quote today,Speak with our team
Search | GCC,Meet Our Talents,https://caagency.com/talents,Browse creator profiles,Find the right talent fit
