Campaign,Ad Group,Keyword,Match Type,Final URL
Search | UAE-Dubai,Dubai,influencer marketing agency dubai,Exact,https://caagency.com/influencer-marketing-dubai
Search | UAE-Dubai,Dubai,influencer agency dubai,Exact,https://caagency.com/influencer-marketing-dubai
Search | UAE-Dubai,Dubai,dubai influencer marketing agency,Phrase,https://caagency.com/influencer-marketing-dubai
Search | UAE-Dubai,Dubai,influencer marketing dubai,Phrase,https://caagency.com/influencer-marketing-dubai
Search | UAE-Dubai,UAE,influencer marketing agency uae,Exact,https://caagency.com/influencer-marketing-uae
Search | UAE-Dubai,UAE,influencer agency uae,Exact,https://caagency.com/influencer-marketing-uae
Search | UAE-Dubai,UAE,uae influencer marketing agency,Phrase,https://caagency.com/influencer-marketing-uae
Search | UAE-Dubai,UAE,influencer marketing abu dhabi,Phrase,https://caagency.com/influencer-marketing-uae
Search | USA,USA,influencer marketing agency usa,Exact,https://caagency.com/influencer-marketing-usa
Search | USA,USA,influencer agency usa,Exact,https://caagency.com/influencer-marketing-usa
Search | USA,USA,us influencer marketing agency,Phrase,https://caagency.com/influencer-marketing-usa
Search | USA,USA,american influencer agency,Phrase,https://caagency.com/influencer-marketing-usa
Search | Asia,Asia,influencer marketing agency asia,Exact,https://caagency.com/influencer-marketing-asia
Search | Asia,Asia,influencer agency asia,Exact,https://caagency.com/influencer-marketing-asia
Search | Asia,Asia,asia influencer marketing agency,Phrase,https://caagency.com/influencer-marketing-asia
Search | Asia,Asia,asian influencer agency,Phrase,https://caagency.com/influencer-marketing-asia
Search | Asia,Korea,influencer marketing agency korea,Exact,https://caagency.com/influencer-marketing-korea
Search | Asia,Korea,korea influencer agency,Exact,https://caagency.com/influencer-marketing-korea
Search | Asia,Korea,korean influencer marketing agency,Phrase,https://caagency.com/influencer-marketing-korea
Search | Asia,Korea,influencer marketing korea,Phrase,https://caagency.com/influencer-marketing-korea
Search | GCC,GCC,influencer marketing agency gcc,Exact,https://caagency.com/influencer-marketing-gcc
Search | GCC,GCC,gcc influencer agency,Exact,https://caagency.com/influencer-marketing-gcc
Search | GCC,GCC,gulf influencer marketing agency,Phrase,https://caagency.com/influencer-marketing-gcc
Search | GCC,GCC,middle east influencer agency,Phrase,https://caagency.com/influencer-marketing-gcc
