Level,Campaign,Ad Group,Keyword
Campaign,Search | UAE-Dubai,,jobs
Campaign,Search | UAE-Dubai,,job
Campaign,Search | UAE-Dubai,,salary
Campaign,Search | UAE-Dubai,,course
Campaign,Search | UAE-Dubai,,internship
Campaign,Search | UAE-Dubai,,free
Campaign,Search | UAE-Dubai,,meaning
Campaign,Search | UAE-Dubai,,definition
Campaign,Search | UAE-Dubai,,software
Campaign,Search | UAE-Dubai,,platform
Campaign,Search | UAE-Dubai,,template
Campaign,Search | UAE-Dubai,,how to become
Campaign,Search | UAE-Dubai,,creator jobs
Campaign,Search | UAE-Dubai,,influencer jobs
Campaign,Search | USA,,jobs
Campaign,Search | USA,,job
Campaign,Search | USA,,salary
Campaign,Search | USA,,course
Campaign,Search | USA,,internship
Campaign,Search | USA,,free
Campaign,Search | USA,,meaning
Campaign,Search | USA,,definition
Campaign,Search | USA,,software
Campaign,Search | USA,,platform
Campaign,Search | USA,,template
Campaign,Search | USA,,how to become
Campaign,Search | USA,,creator jobs
Campaign,Search | USA,,influencer jobs
Campaign,Search | Asia,,jobs
Campaign,Search | Asia,,job
Campaign,Search | Asia,,salary
Campaign,Search | Asia,,course
Campaign,Search | Asia,,internship
Campaign,Search | Asia,,free
Campaign,Search | Asia,,meaning
Campaign,Search | Asia,,definition
Campaign,Search | Asia,,software
Campaign,Search | Asia,,platform
Campaign,Search | Asia,,template
Campaign,Search | Asia,,how to become
Campaign,Search | Asia,,creator jobs
Campaign,Search | Asia,,influencer jobs
Campaign,Search | GCC,,jobs
Campaign,Search | GCC,,job
Campaign,Search | GCC,,salary
Campaign,Search | GCC,,course
Campaign,Search | GCC,,internship
Campaign,Search | GCC,,free
Campaign,Search | GCC,,meaning
Campaign,Search | GCC,,definition
Campaign,Search | GCC,,software
Campaign,Search | GCC,,platform
Campaign,Search | GCC,,template
Campaign,Search | GCC,,how to become
Campaign,Search | GCC,,creator jobs
Campaign,Search | GCC,,influencer jobs
